year,course,number,median_hsc,median_band,pct_b6,pct_b5,pct_b4,pct_b3,pct_b2
2020,Aboriginal Studies,653.0,72.0,4,13.0,16.0,28.0,21.0,13.0
2020,Agriculture,1470.0,74.0,4,10.0,28.0,23.0,22.0,12.0
2020,Ancient History,7164.0,74.0,4,9.0,25.0,30.0,22.0,10.0
2020,Biology,18633.0,74.0,4,7.0,24.0,32.0,24.0,11.0
2020,Business Studies,17877.0,74.0,4,9.0,26.0,27.0,21.0,11.0
2020,Chemistry,10137.0,77.0,4,13.0,30.0,26.0,21.0,8.0
2020,Community & Family Studies,8774.0,75.0,4,5.0,29.0,36.0,21.0,8.0
2020,Dance,914.0,81.0,5,9.0,48.0,30.0,11.0,1.0
2020,Design & Technology,3484.0,79.0,4,16.0,32.0,36.0,15.0,2.0
2020,Drama,3902.0,79.0,4,19.0,28.0,43.0,8.0,1.0
2020,Earth & Environmental Science,2117.0,73.0,4,6.0,23.0,32.0,24.0,10.0
2020,Economics,5010.0,80.0,5,13.0,38.0,26.0,14.0,6.0
2020,Engineering Studies,2313.0,75.0,4,12.0,22.0,35.0,23.0,6.0
2020,English Studies Exam,1274.0,55.0,2,0.0,0.0,2.0,29.0,46.0
2020,English Standard,30914.0,71.0,4,1.0,11.0,46.0,32.0,10.0
2020,English Advanced,24773.0,82.0,5,14.0,49.0,31.0,5.0,1.0
2020,English EAL/D,2022.0,72.0,4,3.0,23.0,31.0,27.0,11.0
2020,English Extension 1,3551.0,43.0,E3,,,39.0,54.0,7.0
2020,English Extension 2,1380.0,41.0,E3,,,26.0,57.0,17.0
2020,Food Technology,3376.0,73.0,4,9.0,21.0,30.0,24.0,13.0
2020,Geography,4396.0,77.0,4,13.0,29.0,29.0,16.0,8.0
2020,Industrial Technology,5856.0,70.0,4,8.0,16.0,29.0,28.0,13.0
2020,Information Processes & Technology,2024.0,73.0,4,8.0,25.0,26.0,23.0,12.0
2020,Investigating Science,2589.0,73.0,4,5.0,24.0,30.0,26.0,11.0
2020,Legal Studies,10651.0,76.0,4,15.0,25.0,28.0,21.0,8.0
2020,Mathematics Standard 1 Exam,1340.0,71.0,4,3.0,14.0,39.0,27.0,13.0
2020,Mathematics Standard 2,30026.0,70.0,4,5.0,19.0,26.0,25.0,17.0
2020,Mathematics Advanced,16771.0,80.0,5,23.0,29.0,28.0,15.0,3.0
2020,Mathematics Extension 1,8804.0,84.0,E3,,,38.0,37.0,20.0
2020,Mathematics Extension 2,3372.0,86.0,E3,,,36.0,48.0,13.0
2020,Modern History,10860.0,76.0,4,10.0,27.0,29.0,18.0,9.0
2020,History Extension,1746.0,39.0,E3,,,21.0,56.0,22.0
2020,Music 1,4500.0,83.0,5,22.0,43.0,26.0,7.0,1.0
2020,Music 2,688.0,88.0,5,38.0,49.0,12.0,,
2020,Music Extension,400.0,47.0,E4,,,69.0,29.0,2.0
2020,PDH&PE,16183.0,74.0,4,9.0,25.0,27.0,24.0,10.0
2020,Physics,7991.0,76.0,4,13.0,28.0,27.0,19.0,10.0
2020,Science Extension,608.0,37.0,E3,,,7.0,67.0,25.0
2020,Society & Culture,4566.0,78.0,4,11.0,33.0,36.0,14.0,5.0
2020,Software Design & Development,1737.0,75.0,4,13.0,25.0,28.0,23.0,8.0
2020,Studies of Religion I,8129.0,39.0,4,8.0,36.0,33.0,17.0,5.0
2020,Studies of Religion II,6133.0,78.0,4,7.0,37.0,30.0,18.0,6.0
2020,Textiles & Design,1323.0,82.0,5,17.0,39.0,28.0,11.0,3.0
2020,Visual Arts,8580.0,83.0,5,17.0,48.0,25.0,8.0,2.0
2020,Arabic Continuers,299.0,79.0,4,9.0,41.0,31.0,15.0,3.0
2020,Arabic Extension,101.0,40.0,E3,,,32.0,45.0,24.0
2020,Armenian Continuers,26.0,87.0,5,38.0,46.0,15.0,,
2020,Chinese Beginners,80.0,77.0,4,24.0,24.0,13.0,15.0,10.0
2020,Chinese Continuers,187.0,88.0,5,43.0,33.0,13.0,7.0,2.0
2020,Chinese Extension,40.0,46.0,E4,,,70.0,28.0,3.0
2020,Chinese & Literature,461.0,84.0,5,17.0,52.0,24.0,4.0,2.0
2020,Chinese in Context,137.0,90.0,6,55.0,34.0,10.0,1.0,
2020,Classical Greek Continuers,10.0,90.0,6,50.0,20.0,20.0,10.0,
2020,Classical Hebrew Continuers,25.0,90.0,6,52.0,32.0,16.0,,
2020,Classical Hebrew Extension,15.0,48.0,E4,,,80.0,20.0,
2020,French Beginners,507.0,80.0,5,25.0,27.0,19.0,15.0,9.0
2020,French Continuers,593.0,84.0,5,31.0,33.0,22.0,11.0,3.0
2020,French Extension,133.0,41.0,E3,,,27.0,54.0,19.0
2020,German Beginners,89.0,80.0,5,30.0,21.0,20.0,21.0,4.0
2020,German Continuers,212.0,83.0,5,25.0,40.0,22.0,8.0,5.0
2020,German Extension,55.0,45.0,E4,,,53.0,47.0,
2020,Hindi Continuers,12.0,87.0,5,42.0,17.0,42.0,,
2020,Indonesian Beginners,44.0,82.0,5,27.0,30.0,25.0,11.0,7.0
2020,Indonesian Continuers,78.0,83.0,5,26.0,37.0,19.0,15.0,3.0
2020,Indonesian Extension,16.0,41.0,E3,,,25.0,69.0,6.0
2020,Italian Beginners,306.0,78.0,4,16.0,30.0,28.0,16.0,7.0
2020,Italian Continuers,210.0,82.0,5,27.0,31.0,29.0,10.0,2.0
2020,Italian Extension,42.0,45.0,E4,,,57.0,36.0,7.0
2020,Japanese Beginners,635.0,73.0,4,17.0,18.0,24.0,21.0,13.0
2020,Japanese Continuers,671.0,82.0,5,29.0,27.0,23.0,16.0,4.0
2020,Japanese Extension,163.0,44.0,E3,,,44.0,45.0,10.0
2020,Japanese & Literature,11.0,83.0,5,18.0,45.0,18.0,18.0,
2020,Japanese in Context,30.0,85.0,5,10.0,63.0,20.0,7.0,
2020,Khmer Continuers,21.0,85.0,5,19.0,67.0,10.0,5.0,
2020,Korean Beginners,127.0,81.0,5,18.0,35.0,35.0,6.0,4.0
2020,Korean Continuers,16.0,92.0,6,56.0,38.0,6.0,,
2020,Korean & Literature,43.0,86.0,5,33.0,51.0,14.0,2.0,
2020,Korean in Context,39.0,93.0,6,69.0,26.0,5.0,,
2020,Latin Continuers,142.0,90.0,6,50.0,39.0,7.0,4.0,
2020,Latin Extension,104.0,48.0,E4,,,87.0,13.0,
2020,Macedonian Continuers,21.0,82.0,5,5.0,62.0,19.0,5.0,10.0
2020,Modern Greek Beginners,70.0,88.0,5,40.0,40.0,10.0,9.0,1.0
2020,Modern Greek Continuers,72.0,88.0,5,44.0,36.0,15.0,4.0,
2020,Modern Greek Extension,25.0,44.0,E3,,,48.0,48.0,4.0
2020,Modern Hebrew Continuers,31.0,93.0,6,81.0,13.0,6.0,,
2020,Persian Continuers,21.0,91.0,6,52.0,29.0,19.0,,
2020,Polish Continuers,16.0,93.0,6,75.0,19.0,6.0,,
2020,Portuguese Continuers,29.0,86.0,5,28.0,59.0,10.0,3.0,
2020,Punjabi Continuers,15.0,84.0,5,27.0,47.0,20.0,7.0,
2020,Russian Continuers,20.0,92.0,6,60.0,30.0,10.0,,
2020,Serbian Continuers,30.0,87.0,5,37.0,50.0,10.0,3.0,
2020,Spanish Beginners,328.0,77.0,4,14.0,27.0,27.0,19.0,10.0
2020,Spanish Continuers,164.0,80.0,5,10.0,41.0,29.0,18.0,1.0
2020,Spanish Extension,53.0,43.0,E3,,,28.0,70.0,
2020,Tamil Continuers,37.0,91.0,6,70.0,27.0,3.0,,
2020,Turkish Continuers,26.0,86.0,5,15.0,62.0,19.0,4.0,
2020,Vietnamese Continuers,190.0,82.0,5,11.0,53.0,31.0,5.0,1.0
2020,Automotive Exam,237.0,68.0,3,3.0,11.0,31.0,34.0,16.0
2020,Business Services Exam,1155.0,73.0,4,4.0,26.0,32.0,25.0,10.0
2020,Construction Exam,1741.0,77.0,4,5.0,37.0,36.0,15.0,6.0
2020,Electrotechnology Exam,223.0,72.0,4,3.0,16.0,40.0,37.0,4.0
2020,Entertainment Industry Exam,713.0,79.0,4,13.0,36.0,36.0,12.0,3.0
2020,Financial Services Exam,80.0,74.0,4,4.0,25.0,39.0,31.0,1.0
2020,Hospitality Exam,4337.0,74.0,4,4.0,27.0,37.0,26.0,6.0
2020,Human Services Exam,705.0,69.0,3,1.0,12.0,33.0,45.0,8.0
2020,Information & Digital Technology Exam,466.0,76.0,4,4.0,26.0,50.0,16.0,3.0
2020,Metal & Engineering Exam,255.0,67.0,3,1.0,12.0,29.0,32.0,21.0
2020,Primary Industries Exam,520.0,74.0,4,3.0,19.0,50.0,24.0,4.0
2020,Retail Services Exam,825.0,71.0,4,,8.0,44.0,31.0,15.0
2020,"Tourism, Travel & Events Exam",161.0,74.0,4,2.0,17.0,57.0,23.0,1.0
2021,Aboriginal Studies,704.0,69.0,3,12.0,17.0,20.0,27.0,16.0
2021,Agriculture,1496.0,72.0,4,11.0,24.0,21.0,24.0,15.0
2021,Ancient History,6375.0,74.0,4,10.0,25.0,28.0,17.0,13.0
2021,Biology,18708.0,74.0,4,7.0,24.0,35.0,25.0,7.0
2021,Business Studies,17662.0,75.0,4,9.0,27.0,30.0,21.0,9.0
2021,Chemistry,9884.0,76.0,4,11.0,29.0,26.0,22.0,9.0
2021,Community & Family Studies,8913.0,75.0,4,6.0,27.0,40.0,21.0,6.0
2021,Dance,905.0,81.0,5,13.0,42.0,30.0,13.0,1.0
2021,Design & Technology,3429.0,81.0,5,17.0,38.0,28.0,14.0,2.0
2021,Drama,3938.0,78.0,4,18.0,27.0,37.0,16.0,1.0
2021,Earth & Environmental Science,2328.0,74.0,4,5.0,23.0,34.0,24.0,11.0
2021,Economics,5043.0,80.0,5,15.0,35.0,27.0,17.0,5.0
2021,Engineering Studies,2400.0,75.0,4,11.0,25.0,35.0,21.0,6.0
2021,English Studies Exam,1357.0,58.0,2,,1.0,7.0,36.0,40.0
2021,English Standard,31341.0,71.0,4,1.0,16.0,41.0,33.0,8.0
2021,English Advanced,24409.0,83.0,5,16.0,52.0,25.0,5.0,1.0
2021,English EAL/D,1879.0,72.0,4,2.0,21.0,35.0,28.0,11.0
2021,English Extension 1,3415.0,44.0,E3,,,41.0,53.0,6.0
2021,English Extension 2,1308.0,41.0,E3,,,25.0,59.0,15.0
2021,Food Technology,3623.0,75.0,4,11.0,26.0,26.0,24.0,10.0
2021,Geography,4438.0,78.0,4,9.0,35.0,30.0,18.0,6.0
2021,Industrial Technology,5667.0,70.0,4,7.0,18.0,28.0,27.0,16.0
2021,Information Processes & Technology,1897.0,72.0,4,8.0,24.0,25.0,23.0,14.0
2021,Investigating Science,2852.0,77.0,4,8.0,32.0,34.0,18.0,5.0
2021,Legal Studies,10693.0,77.0,4,15.0,28.0,27.0,17.0,10.0
2021,Mathematics Standard 1 Exam,1461.0,70.0,4,4.0,15.0,32.0,32.0,13.0
2021,Mathematics Standard 2,30035.0,70.0,4,6.0,19.0,27.0,27.0,15.0
2021,Mathematics Advanced,16769.0,80.0,5,23.0,27.0,29.0,15.0,4.0
2021,Mathematics Extension 1,8547.0,42.0,E3,,,37.0,37.0,20.0
2021,Mathematics Extension 2,3193.0,88.0,E3,,,43.0,44.0,12.0
2021,Modern History,10890.0,75.0,4,11.0,27.0,27.0,19.0,10.0
2021,History Extension,1742.0,40.0,E3,,,23.0,54.0,21.0
2021,Music 1,4697.0,83.0,5,20.0,44.0,25.0,9.0,1.0
2021,Music 2,710.0,89.0,5,45.0,43.0,11.0,,
2021,Music Extension,381.0,46.0,E4,,,64.0,31.0,4.0
2021,PDH&PE,16482.0,73.0,4,7.0,24.0,29.0,26.0,11.0
2021,Physics,7922.0,77.0,4,12.0,28.0,31.0,20.0,7.0
2021,Science Extension,715.0,37.0,E3,,,10.0,62.0,27.0
2021,Society & Culture,4739.0,78.0,4,13.0,33.0,34.0,14.0,4.0
2021,Software Design & Development,1714.0,75.0,4,12.0,24.0,31.0,22.0,9.0
2021,Studies of Religion I,8389.0,38.0,4,13.0,29.0,27.0,23.0,7.0
2021,Studies of Religion II,6132.0,78.0,4,13.0,34.0,26.0,19.0,7.0
2021,Textiles & Design,1189.0,81.0,5,17.0,40.0,24.0,12.0,5.0
2021,Visual Arts,8417.0,83.0,5,17.0,46.0,28.0,8.0,1.0
2021,Arabic Continuers,275.0,83.0,5,19.0,48.0,29.0,1.0,1.0
2021,Arabic Extension,68.0,45.0,E4,,,50.0,46.0,4.0
2021,Armenian Continuers,22.0,80.0,5,23.0,41.0,36.0,,
2021,Chinese Beginners,67.0,84.0,5,37.0,16.0,19.0,18.0,7.0
2021,Chinese Continuers,209.0,86.0,5,43.0,28.0,18.0,9.0,2.0
2021,Chinese Extension,49.0,46.0,E4,,,67.0,31.0,2.0
2021,Chinese & Literature,373.0,84.0,5,21.0,48.0,23.0,5.0,2.0
2021,Chinese in Context,130.0,92.0,6,62.0,22.0,11.0,4.0,1.0
2021,Classical Greek Continuers,14.0,94.0,6,79.0,21.0,,,
2021,Classical Hebrew Continuers,28.0,88.0,5,46.0,36.0,4.0,7.0,
2021,Classical Hebrew Extension,15.0,46.0,E4,,,60.0,40.0,
2021,French Beginners,380.0,80.0,5,25.0,26.0,24.0,12.0,9.0
2021,French Continuers,598.0,84.0,5,33.0,30.0,25.0,10.0,2.0
2021,French Extension,132.0,40.0,E3,,,24.0,55.0,19.0
2021,German Beginners,104.0,84.0,5,33.0,24.0,20.0,13.0,9.0
2021,German Continuers,152.0,84.0,5,37.0,31.0,17.0,11.0,4.0
2021,German Extension,45.0,46.0,E4,,,73.0,24.0,2.0
2021,Hindi Continuers,23.0,85.0,5,35.0,35.0,30.0,,
2021,Indonesian Beginners,19.0,80.0,5,11.0,42.0,21.0,21.0,5.0
2021,Indonesian Continuers,62.0,80.0,5,29.0,21.0,21.0,21.0,6.0
2021,Indonesian Extension,17.0,43.0,E3,,,41.0,41.0,18.0
2021,Indonesian & Literature,13.0,83.0,5,15.0,46.0,15.0,23.0,
2021,Italian Beginners,321.0,79.0,4,21.0,27.0,26.0,20.0,5.0
2021,Italian Continuers,198.0,87.0,5,39.0,33.0,20.0,6.0,3.0
2021,Italian Extension,36.0,46.0,E4,,,53.0,47.0,
2021,Japanese Beginners,545.0,73.0,4,13.0,22.0,22.0,20.0,14.0
2021,Japanese Continuers,632.0,82.0,5,27.0,31.0,20.0,14.0,7.0
2021,Japanese Extension,166.0,46.0,E4,,,60.0,31.0,7.0
2021,Japanese & Literature,10.0,81.0,5,10.0,40.0,40.0,10.0,
2021,Japanese in Context,33.0,86.0,5,18.0,70.0,12.0,,
2021,Korean Beginners,110.0,83.0,5,25.0,36.0,28.0,7.0,4.0
2021,Korean Continuers,19.0,92.0,6,68.0,16.0,11.0,5.0,
2021,Korean & Literature,25.0,88.0,5,32.0,52.0,12.0,4.0,
2021,Korean in Context,42.0,92.0,6,71.0,19.0,7.0,2.0,
2021,Latin Continuers,154.0,89.0,5,47.0,30.0,15.0,5.0,3.0
2021,Latin Extension,101.0,48.0,E4,,,78.0,17.0,5.0
2021,Macedonian Continuers,26.0,77.0,4,12.0,31.0,23.0,19.0,15.0
2021,Modern Greek Beginners,69.0,92.0,6,61.0,23.0,6.0,6.0,4.0
2021,Modern Greek Continuers,53.0,85.0,5,38.0,45.0,17.0,,
2021,Modern Greek Extension,16.0,42.0,E3,,,44.0,19.0,38.0
2021,Modern Hebrew Continuers,31.0,93.0,6,71.0,26.0,3.0,,
2021,Persian Continuers,27.0,86.0,5,41.0,44.0,15.0,,
2021,Polish Continuers,16.0,86.0,5,31.0,44.0,25.0,,
2021,Portuguese Continuers,13.0,90.0,6,54.0,23.0,8.0,15.0,
2021,Punjabi Continuers,26.0,91.0,6,58.0,35.0,4.0,4.0,
2021,Russian Continuers,18.0,86.0,5,33.0,50.0,11.0,6.0,
2021,Serbian Continuers,12.0,92.0,6,67.0,33.0,,,
2021,Spanish Beginners,275.0,81.0,5,22.0,32.0,23.0,14.0,6.0
2021,Spanish Continuers,155.0,79.0,4,9.0,39.0,32.0,19.0,1.0
2021,Spanish Extension,51.0,44.0,E3,,,47.0,51.0,2.0
2021,Tamil Continuers,36.0,93.0,6,83.0,17.0,,,
2021,Turkish Continuers,38.0,86.0,5,24.0,50.0,26.0,,
2021,Vietnamese Continuers,217.0,83.0,5,15.0,54.0,26.0,4.0,1.0
2021,Automotive Exam,219.0,68.0,3,2.0,11.0,32.0,32.0,22.0
2021,Business Services Exam,1276.0,74.0,4,5.0,29.0,31.0,23.0,11.0
2021,Construction Exam,1607.0,77.0,4,6.0,35.0,31.0,21.0,6.0
2021,Electrotechnology Exam,231.0,66.0,3,3.0,8.0,24.0,48.0,15.0
2021,Entertainment Industry Exam,827.0,80.0,5,13.0,41.0,32.0,11.0,2.0
2021,Financial Services Exam,111.0,72.0,4,6.0,22.0,38.0,29.0,5.0
2021,Hospitality Exam,4467.0,74.0,4,4.0,26.0,35.0,24.0,9.0
2021,Human Services Exam,673.0,71.0,4,,11.0,47.0,34.0,7.0
2021,Information & Digital Technology Exam,418.0,74.0,4,2.0,22.0,44.0,24.0,6.0
2021,Primary Industries Exam,526.0,74.0,4,5.0,22.0,46.0,22.0,3.0
2021,Retail Services Exam,776.0,69.0,3,1.0,8.0,40.0,32.0,15.0
2021,"Tourism, Travel & Events Exam",133.0,75.0,4,2.0,18.0,59.0,15.0,5.0
2022,Aboriginal Studies,737.0,74.0,4,15.0,20.0,24.0,22.0,14.0
2022,Agriculture,1464.0,71.0,4,8.0,18.0,27.0,29.0,13.0
2022,Ancient History,6336.0,74.0,4,9.0,25.0,30.0,20.0,11.0
2022,Biology,18891.0,71.0,4,6.0,20.0,27.0,26.0,16.0
2022,Business Studies,17950.0,74.0,4,10.0,24.0,30.0,25.0,8.0
2022,Chemistry,9929.0,74.0,4,9.0,24.0,31.0,21.0,11.0
2022,Community & Family Studies,8964.0,76.0,4,6.0,27.0,42.0,20.0,5.0
2022,Dance,840.0,83.0,5,19.0,47.0,26.0,8.0,
2022,Design & Technology,3622.0,79.0,4,13.0,34.0,35.0,14.0,3.0
2022,Drama,3231.0,82.0,5,21.0,38.0,29.0,11.0,1.0
2022,Earth & Environmental Science,2224.0,75.0,4,6.0,27.0,36.0,23.0,8.0
2022,Economics,5378.0,79.0,4,15.0,35.0,26.0,17.0,6.0
2022,Engineering Studies,2346.0,74.0,4,9.0,21.0,32.0,24.0,12.0
2022,English Studies Exam,1273.0,57.0,2,,,7.0,27.0,54.0
2022,English Standard,30643.0,71.0,4,1.0,15.0,40.0,32.0,11.0
2022,English Advanced,24661.0,83.0,5,15.0,53.0,26.0,6.0,1.0
2022,English EAL/D,1487.0,68.0,3,4.0,15.0,27.0,28.0,18.0
2022,English Extension 1,3427.0,43.0,E3,,,40.0,53.0,7.0
2022,English Extension 2,1242.0,41.0,E3,,,29.0,56.0,14.0
2022,Food Technology,3639.0,72.0,4,9.0,21.0,27.0,29.0,10.0
2022,Geography,4053.0,77.0,4,11.0,31.0,31.0,17.0,7.0
2022,Industrial Technology,5673.0,70.0,4,8.0,14.0,29.0,36.0,11.0
2022,Information Processes & Technology,1808.0,74.0,4,6.0,22.0,37.0,20.0,12.0
2022,Investigating Science,2695.0,73.0,4,4.0,21.0,38.0,23.0,9.0
2022,Legal Studies,10225.0,76.0,4,15.0,26.0,25.0,19.0,10.0
2022,Mathematics Standard 1 Exam,1410.0,73.0,4,4.0,23.0,38.0,23.0,10.0
2022,Mathematics Standard 2,29874.0,71.0,4,7.0,22.0,25.0,28.0,15.0
2022,Mathematics Advanced,16865.0,79.0,4,23.0,26.0,27.0,18.0,5.0
2022,Mathematics Extension 1,8679.0,82.0,E3,,,35.0,39.0,20.0
2022,Mathematics Extension 2,3271.0,86.0,E3,,,40.0,46.0,11.0
2022,Modern History,10153.0,75.0,4,10.0,25.0,33.0,21.0,9.0
2022,History Extension,1532.0,41.0,E3,,,25.0,58.0,14.0
2022,Music 1,4263.0,84.0,5,22.0,48.0,20.0,9.0,2.0
2022,Music 2,684.0,87.0,5,34.0,52.0,13.0,1.0,
2022,Music Extension,353.0,47.0,E4,,,76.0,21.0,3.0
2022,PDH&PE,15883.0,70.0,4,5.0,21.0,24.0,30.0,17.0
2022,Physics,7633.0,76.0,4,12.0,29.0,27.0,19.0,9.0
2022,Science Extension,658.0,38.0,E3,,,8.0,71.0,21.0
2022,Society & Culture,4614.0,78.0,4,11.0,32.0,32.0,18.0,5.0
2022,Software Design & Development,1806.0,76.0,4,14.0,24.0,32.0,17.0,10.0
2022,Studies of Religion I,8433.0,39.0,4,10.0,30.0,39.0,16.0,3.0
2022,Studies of Religion II,6091.0,79.0,4,10.0,36.0,33.0,14.0,5.0
2022,Textiles & Design,1485.0,81.0,5,17.0,37.0,25.0,14.0,5.0
2022,Visual Arts,8177.0,83.0,5,16.0,49.0,26.0,7.0,1.0
2022,Arabic Continuers,294.0,82.0,5,16.0,48.0,28.0,7.0,1.0
2022,Arabic Extension,70.0,41.0,E3,,,16.0,74.0,9.0
2022,Armenian Continuers,20.0,80.0,5,20.0,30.0,45.0,5.0,
2022,Chinese Beginners,59.0,83.0,5,31.0,25.0,27.0,7.0,2.0
2022,Chinese Continuers,207.0,87.0,5,41.0,34.0,18.0,6.0,
2022,Chinese Extension,61.0,45.0,E4,,,59.0,39.0,2.0
2022,Chinese & Literature,330.0,85.0,5,24.0,48.0,22.0,5.0,1.0
2022,Chinese in Context,152.0,91.0,6,61.0,28.0,7.0,1.0,2.0
2022,Classical Hebrew Continuers,19.0,90.0,6,53.0,16.0,26.0,5.0,
2022,Filipino Continuers,10.0,90.0,6,60.0,30.0,10.0,,
2022,French Beginners,323.0,76.0,4,23.0,20.0,21.0,26.0,8.0
2022,French Continuers,514.0,82.0,5,26.0,32.0,27.0,11.0,3.0
2022,French Extension,98.0,40.0,E3,,,13.0,73.0,13.0
2022,German Beginners,91.0,82.0,5,33.0,25.0,13.0,19.0,10.0
2022,German Continuers,143.0,81.0,5,27.0,30.0,28.0,11.0,4.0
2022,German Extension,37.0,45.0,E4,,,62.0,35.0,3.0
2022,Hindi Continuers,32.0,86.0,5,25.0,59.0,6.0,6.0,3.0
2022,Hungarian Continuers,12.0,88.0,5,42.0,42.0,17.0,,
2022,Indonesian Beginners,27.0,85.0,5,26.0,37.0,22.0,15.0,
2022,Indonesian Continuers,45.0,87.0,5,40.0,33.0,16.0,7.0,4.0
2022,Indonesian Extension,14.0,43.0,E3,,,36.0,43.0,14.0
2022,Italian Beginners,282.0,78.0,4,23.0,23.0,26.0,16.0,9.0
2022,Italian Continuers,181.0,80.0,5,21.0,34.0,35.0,7.0,3.0
2022,Italian Extension,33.0,44.0,E3,,,39.0,61.0,
2022,Japanese Beginners,636.0,72.0,4,10.0,22.0,24.0,18.0,18.0
2022,Japanese Continuers,746.0,82.0,5,24.0,34.0,23.0,14.0,3.0
2022,Japanese Extension,161.0,44.0,E3,,,45.0,45.0,9.0
2022,Japanese in Context,44.0,89.0,5,43.0,45.0,9.0,2.0,
2022,Khmer Continuers,12.0,86.0,5,25.0,75.0,,,
2022,Korean Beginners,110.0,82.0,5,26.0,30.0,25.0,15.0,4.0
2022,Korean Continuers,14.0,78.0,4,21.0,21.0,50.0,7.0,
2022,Korean & Literature,30.0,86.0,5,23.0,50.0,23.0,3.0,
2022,Korean in Context,51.0,92.0,6,63.0,22.0,12.0,4.0,
2022,Latin Continuers,141.0,87.0,5,38.0,36.0,18.0,4.0,2.0
2022,Latin Extension,83.0,47.0,E4,,,78.0,17.0,4.0
2022,Macedonian Continuers,16.0,74.0,4,13.0,31.0,13.0,25.0,19.0
2022,Modern Greek Beginners,75.0,90.0,6,52.0,32.0,8.0,5.0,3.0
2022,Modern Greek Continuers,80.0,87.0,5,39.0,38.0,19.0,1.0,4.0
2022,Modern Greek Extension,23.0,43.0,E3,,,35.0,65.0,
2022,Modern Hebrew Continuers,31.0,95.0,6,84.0,10.0,6.0,,
2022,Persian Continuers,24.0,91.0,6,54.0,38.0,8.0,,
2022,Polish Continuers,15.0,94.0,6,67.0,33.0,,,
2022,Portuguese Continuers,14.0,85.0,5,29.0,43.0,,29.0,
2022,Punjabi Continuers,19.0,80.0,5,16.0,42.0,42.0,,
2022,Russian Continuers,28.0,89.0,5,46.0,50.0,,4.0,
2022,Serbian Continuers,22.0,90.0,6,50.0,36.0,9.0,5.0,
2022,Spanish Beginners,237.0,80.0,5,24.0,27.0,30.0,18.0,1.0
2022,Spanish Continuers,148.0,83.0,5,15.0,43.0,27.0,14.0,1.0
2022,Spanish Extension,32.0,45.0,E4,,,56.0,34.0,9.0
2022,Swedish Continuers,14.0,92.0,6,57.0,43.0,,,
2022,Tamil Continuers,48.0,92.0,6,75.0,25.0,,,
2022,Turkish Continuers,41.0,84.0,5,34.0,39.0,22.0,5.0,
2022,Vietnamese Continuers,155.0,79.0,4,8.0,42.0,35.0,10.0,5.0
2022,Automotive Exam,211.0,69.0,3,4.0,6.0,35.0,40.0,10.0
2022,Business Services Exam,1176.0,75.0,4,3.0,29.0,36.0,24.0,8.0
2022,Construction Exam,1709.0,77.0,4,8.0,33.0,35.0,20.0,3.0
2022,Electrotechnology Exam,236.0,64.0,3,2.0,7.0,24.0,32.0,29.0
2022,Entertainment Industry Exam,651.0,78.0,4,20.0,28.0,34.0,15.0,4.0
2022,Financial Services Exam,77.0,70.0,4,3.0,19.0,31.0,42.0,4.0
2022,Hospitality Exam,4300.0,77.0,4,6.0,34.0,36.0,18.0,6.0
2022,Human Services Exam,599.0,72.0,4,1.0,12.0,52.0,33.0,3.0
2022,Information & Digital Technology Exam,383.0,74.0,4,1.0,20.0,46.0,25.0,7.0
2022,Primary Industries Exam,549.0,75.0,4,3.0,26.0,42.0,25.0,4.0
2022,Retail Services Exam,745.0,69.0,3,,10.0,40.0,39.0,10.0
2022,"Tourism, Travel & Events Exam",79.0,70.0,4,4.0,22.0,29.0,37.0,8.0
2023,Aboriginal Studies,781.0,75.0,4,13.0,25.0,24.0,19.0,12.0
2023,Agriculture,1417.0,73.0,4,10.0,20.0,27.0,28.0,11.0
2023,Ancient History,6682.0,74.0,4,9.0,23.0,28.0,20.0,13.0
2023,Biology,19382.0,74.0,4,8.0,24.0,32.0,25.0,9.0
2023,Business Studies,18705.0,75.0,4,11.0,25.0,28.0,24.0,10.0
2023,Chemistry,9892.0,76.0,4,12.0,26.0,28.0,19.0,12.0
2023,Community & Family Studies,9099.0,76.0,4,6.0,30.0,36.0,20.0,6.0
2023,Dance,777.0,84.0,5,17.0,52.0,23.0,8.0,1.0
2023,Design & Technology,3783.0,79.0,4,12.0,35.0,31.0,17.0,4.0
2023,Drama,3324.0,82.0,5,22.0,39.0,28.0,11.0,1.0
2023,Earth & Environmental Science,2553.0,74.0,4,7.0,26.0,27.0,22.0,12.0
2023,Economics,5515.0,79.0,4,13.0,35.0,28.0,16.0,6.0
2023,Engineering Studies,2557.0,74.0,4,9.0,21.0,39.0,27.0,4.0
2023,English Studies Exam,1230.0,59.0,2,,,9.0,36.0,39.0
2023,English Standard,31696.0,71.0,4,,13.0,47.0,30.0,9.0
2023,English Advanced,25102.0,83.0,5,14.0,53.0,28.0,4.0,1.0
2023,English EAL/D,1204.0,71.0,4,5.0,17.0,32.0,25.0,15.0
2023,English Extension 1,3671.0,44.0,E3,,,41.0,54.0,5.0
2023,English Extension 2,1408.0,42.0,E3,,,29.0,57.0,14.0
2023,Food Technology,3743.0,74.0,4,7.0,23.0,35.0,24.0,9.0
2023,Geography,4025.0,78.0,4,10.0,32.0,36.0,15.0,5.0
2023,Industrial Technology,5808.0,71.0,4,8.0,16.0,31.0,31.0,12.0
2023,Information Processes & Technology,1739.0,73.0,4,7.0,25.0,27.0,23.0,13.0
2023,Investigating Science,2875.0,76.0,4,7.0,27.0,37.0,21.0,7.0
2023,Legal Studies,10244.0,77.0,4,14.0,29.0,27.0,21.0,7.0
2023,Mathematics Standard 1 Exam,1608.0,72.0,4,3.0,18.0,40.0,30.0,7.0
2023,Mathematics Standard 2,30805.0,73.0,4,9.0,22.0,26.0,24.0,14.0
2023,Mathematics Advanced,16428.0,79.0,4,22.0,27.0,26.0,18.0,6.0
2023,Mathematics Extension 1,8390.0,82.0,E3,,,34.0,38.0,24.0
2023,Mathematics Extension 2,3273.0,86.0,E3,,,38.0,48.0,13.0
2023,Modern History,10456.0,75.0,4,10.0,25.0,29.0,20.0,12.0
2023,History Extension,1730.0,41.0,E3,,,26.0,59.0,13.0
2023,Music 1,4380.0,84.0,5,23.0,46.0,21.0,8.0,1.0
2023,Music 2,727.0,87.0,5,35.0,50.0,13.0,1.0,
2023,Music Extension,386.0,47.0,E4,,,70.0,25.0,4.0
2023,PDH&PE,16873.0,74.0,4,6.0,25.0,33.0,26.0,9.0
2023,Physics,7921.0,76.0,4,13.0,26.0,29.0,22.0,10.0
2023,Science Extension,794.0,38.0,E3,,,7.0,71.0,21.0
2023,Society & Culture,5040.0,78.0,4,12.0,33.0,35.0,15.0,4.0
2023,Software Design & Development,1648.0,75.0,4,12.0,23.0,30.0,23.0,9.0
2023,Studies of Religion I,8239.0,39.0,4,14.0,35.0,36.0,13.0,3.0
2023,Studies of Religion II,5734.0,79.0,4,11.0,35.0,36.0,13.0,4.0
2023,Textiles & Design,1401.0,80.0,5,17.0,35.0,27.0,16.0,5.0
2023,Visual Arts,8631.0,83.0,5,19.0,47.0,26.0,8.0,1.0
2023,Arabic Continuers,192.0,82.0,5,17.0,43.0,32.0,6.0,2.0
2023,Arabic Extension,59.0,42.0,E3,,,34.0,59.0,7.0
2023,Armenian Continuers,22.0,86.0,5,32.0,50.0,14.0,,5.0
2023,Chinese Beginners,34.0,86.0,5,32.0,32.0,18.0,9.0,9.0
2023,Chinese Continuers,193.0,87.0,5,41.0,29.0,20.0,5.0,4.0
2023,Chinese Extension,52.0,45.0,E4,,,69.0,29.0,2.0
2023,Chinese & Literature,261.0,85.0,5,21.0,50.0,26.0,2.0,1.0
2023,Chinese in Context,128.0,92.0,6,64.0,30.0,5.0,1.0,1.0
2023,Classical Greek Continuers,19.0,89.0,5,47.0,32.0,16.0,5.0,
2023,Classical Hebrew Continuers,15.0,79.0,4,40.0,7.0,33.0,7.0,13.0
2023,French Beginners,298.0,77.0,4,21.0,22.0,27.0,20.0,7.0
2023,French Continuers,511.0,82.0,5,25.0,33.0,34.0,6.0,1.0
2023,French Extension,113.0,40.0,E3,,,18.0,66.0,16.0
2023,German Beginners,77.0,81.0,5,29.0,22.0,23.0,14.0,12.0
2023,German Continuers,162.0,81.0,5,27.0,30.0,32.0,10.0,
2023,German Extension,39.0,45.0,E4,,,62.0,36.0,3.0
2023,Hindi Continuers,29.0,90.0,6,55.0,38.0,,7.0,
2023,Hungarian Continuers,13.0,89.0,5,46.0,38.0,8.0,8.0,
2023,Indonesian Beginners,23.0,80.0,5,35.0,17.0,35.0,4.0,9.0
2023,Indonesian Continuers,48.0,87.0,5,35.0,38.0,19.0,6.0,2.0
2023,Italian Beginners,232.0,79.0,4,20.0,28.0,28.0,13.0,7.0
2023,Italian Continuers,167.0,84.0,5,26.0,38.0,22.0,13.0,1.0
2023,Italian Extension,30.0,45.0,E4,,,53.0,47.0,
2023,Japanese Beginners,525.0,74.0,4,11.0,26.0,22.0,18.0,14.0
2023,Japanese Continuers,659.0,81.0,5,23.0,32.0,23.0,14.0,6.0
2023,Japanese Extension,145.0,45.0,E4,,,50.0,38.0,11.0
2023,Japanese in Context,51.0,88.0,5,35.0,55.0,10.0,,
2023,Khmer Continuers,12.0,88.0,5,33.0,58.0,8.0,,
2023,Korean Beginners,129.0,82.0,5,22.0,36.0,29.0,9.0,2.0
2023,Korean Continuers,13.0,84.0,5,38.0,31.0,15.0,8.0,8.0
2023,Korean & Literature,29.0,89.0,5,48.0,48.0,3.0,,
2023,Korean in Context,56.0,93.0,6,66.0,27.0,7.0,,
2023,Latin Continuers,160.0,89.0,5,46.0,38.0,11.0,5.0,
2023,Latin Extension,92.0,46.0,E4,,,82.0,16.0,2.0
2023,Macedonian Continuers,11.0,71.0,4,27.0,9.0,18.0,45.0,
2023,Modern Greek Beginners,86.0,88.0,5,45.0,27.0,17.0,2.0,6.0
2023,Modern Greek Continuers,67.0,88.0,5,46.0,28.0,24.0,1.0,
2023,Modern Greek Extension,23.0,44.0,E3,,,43.0,52.0,4.0
2023,Modern Hebrew Continuers,17.0,96.0,6,94.0,6.0,,,
2023,Persian Continuers,24.0,89.0,5,46.0,38.0,13.0,,4.0
2023,Polish Continuers,14.0,95.0,6,86.0,14.0,,,
2023,Portuguese Continuers,18.0,85.0,5,28.0,39.0,22.0,11.0,
2023,Punjabi Continuers,23.0,82.0,5,26.0,30.0,4.0,30.0,9.0
2023,Russian Continuers,27.0,92.0,6,63.0,33.0,4.0,,
2023,Serbian Continuers,27.0,91.0,6,59.0,33.0,7.0,,
2023,Spanish Beginners,192.0,81.0,5,23.0,33.0,26.0,10.0,5.0
2023,Spanish Continuers,128.0,83.0,5,21.0,39.0,30.0,9.0,1.0
2023,Spanish Extension,31.0,45.0,E4,,,58.0,42.0,
2023,Swedish Continuers,13.0,89.0,5,46.0,54.0,,,
2023,Tamil Continuers,42.0,91.0,6,62.0,38.0,,,
2023,Turkish Continuers,34.0,86.0,5,44.0,21.0,26.0,9.0,
2023,Vietnamese Continuers,110.0,79.0,4,5.0,40.0,47.0,6.0,
2023,Automotive Exam,229.0,68.0,3,3.0,15.0,24.0,38.0,18.0
2023,Business Services Exam,1032.0,76.0,4,2.0,25.0,48.0,18.0,6.0
2023,Construction Exam,1551.0,78.0,4,5.0,38.0,33.0,20.0,3.0
2023,Electrotechnology Exam,251.0,71.0,4,3.0,13.0,40.0,34.0,9.0
2023,Entertainment Industry Exam,691.0,78.0,4,15.0,30.0,33.0,15.0,6.0
2023,Financial Services Exam,81.0,73.0,4,7.0,25.0,33.0,23.0,11.0
2023,Hospitality Exam,4424.0,75.0,4,6.0,26.0,40.0,23.0,5.0
2023,Human Services Exam,652.0,73.0,4,2.0,16.0,47.0,29.0,5.0
2023,Information & Digital Technology Exam,366.0,76.0,4,7.0,29.0,40.0,22.0,1.0
2023,Primary Industries Exam,498.0,75.0,4,2.0,24.0,43.0,27.0,3.0
2023,Retail Services Exam,751.0,71.0,4,2.0,14.0,38.0,31.0,13.0
2023,"Tourism, Travel & Events Exam",67.0,77.0,4,3.0,27.0,54.0,13.0,3.0
2024,Aboriginal Studies,759.0,74.0,4,11.0,26.0,23.0,19.0,15.0
2024,Agriculture,1586.0,73.0,4,11.0,20.0,27.0,25.0,14.0
2024,Ancient History,7755.0,75.0,4,10.0,28.0,28.0,19.0,11.0
2024,Biology,19044.0,76.0,4,7.0,29.0,35.0,18.0,10.0
2024,Business Studies,19570.0,75.0,4,11.0,27.0,27.0,23.0,9.0
2024,Chemistry,9722.0,76.0,4,11.0,27.0,28.0,20.0,11.0
2024,Community & Family Studies,9772.0,76.0,4,6.0,30.0,36.0,21.0,6.0
2024,Dance,849.0,84.0,5,19.0,49.0,22.0,10.0,
2024,Design & Technology,4078.0,79.0,4,12.0,36.0,29.0,18.0,3.0
2024,Drama,3481.0,82.0,5,23.0,39.0,30.0,7.0,1.0
2024,Earth & Environmental Science,2571.0,74.0,4,6.0,27.0,31.0,25.0,10.0
2024,Economics,5598.0,80.0,5,14.0,38.0,27.0,14.0,5.0
2024,Engineering Studies,2508.0,74.0,4,10.0,22.0,36.0,26.0,5.0
2024,English Studies Exam,1491.0,58.0,2,,,11.0,35.0,40.0
2024,English Standard,32992.0,73.0,4,1.0,13.0,54.0,25.0,7.0
2024,English Advanced,25397.0,83.0,5,15.0,52.0,29.0,3.0,
2024,English EAL/D,1246.0,71.0,4,6.0,19.0,28.0,29.0,12.0
2024,English Extension 1,3782.0,44.0,E3,,,42.0,54.0,4.0
2024,English Extension 2,1479.0,42.0,E3,,,34.0,53.0,12.0
2024,Food Technology,4262.0,73.0,4,10.0,23.0,29.0,27.0,10.0
2024,Geography,4661.0,76.0,4,10.0,28.0,36.0,18.0,6.0
2024,Industrial Technology,5959.0,71.0,4,7.0,16.0,32.0,32.0,11.0
2024,Information Processes & Technology,1715.0,74.0,4,7.0,24.0,32.0,22.0,9.0
2024,Investigating Science,3240.0,75.0,4,7.0,29.0,33.0,24.0,6.0
2024,Legal Studies,10209.0,77.0,4,15.0,28.0,26.0,20.0,9.0
2024,Mathematics Standard 1 Exam,2139.0,72.0,4,3.0,20.0,35.0,32.0,9.0
2024,Mathematics Standard 2,31140.0,73.0,4,9.0,19.0,30.0,24.0,13.0
2024,Mathematics Advanced,16559.0,80.0,5,22.0,28.0,27.0,17.0,5.0
2024,Mathematics Extension 1,8846.0,84.0,E3,,,35.0,45.0,17.0
2024,Mathematics Extension 2,3544.0,87.0,E3,,,40.0,46.0,12.0
2024,Modern History,10590.0,77.0,4,10.0,29.0,32.0,19.0,8.0
2024,History Extension,1761.0,42.0,E3,,,28.0,58.0,12.0
2024,Music 1,4554.0,84.0,5,20.0,47.0,22.0,8.0,2.0
2024,Music 2,659.0,87.0,5,36.0,48.0,14.0,2.0,
2024,Music Extension,390.0,47.0,E4,,,70.0,27.0,3.0
2024,PDH&PE,17258.0,75.0,4,9.0,26.0,32.0,24.0,8.0
2024,Physics,8215.0,76.0,4,12.0,26.0,27.0,21.0,11.0
2024,Science Extension,753.0,39.0,E3,,,9.0,73.0,17.0
2024,Society & Culture,5181.0,78.0,4,12.0,33.0,33.0,16.0,4.0
2024,Software Design & Development,1708.0,76.0,4,13.0,26.0,30.0,19.0,10.0
2024,Studies of Religion I,8475.0,39.0,4,14.0,30.0,36.0,16.0,3.0
2024,Studies of Religion II,6169.0,79.0,4,13.0,34.0,34.0,14.0,4.0
2024,Textiles & Design,1694.0,79.0,4,16.0,33.0,26.0,16.0,6.0
2024,Visual Arts,8832.0,83.0,5,17.0,50.0,27.0,5.0,1.0
2024,Arabic Continuers,240.0,81.0,5,17.0,43.0,33.0,8.0,1.0
2024,Arabic Extension,47.0,41.0,E3,,,36.0,60.0,4.0
2024,Armenian Continuers,23.0,86.0,5,30.0,52.0,13.0,4.0,
2024,Chinese Beginners,68.0,90.0,6,50.0,16.0,7.0,7.0,9.0
2024,Chinese Continuers,283.0,88.0,5,47.0,32.0,15.0,5.0,1.0
2024,Chinese Extension,73.0,46.0,E4,,,63.0,33.0,4.0
2024,Chinese & Literature,252.0,84.0,5,19.0,56.0,21.0,2.0,1.0
2024,Chinese in Context,97.0,92.0,6,68.0,26.0,5.0,,
2024,Classical Hebrew Continuers,22.0,91.0,6,59.0,18.0,18.0,5.0,
2024,French Beginners,356.0,77.0,4,20.0,24.0,27.0,20.0,5.0
2024,French Continuers,544.0,83.0,5,25.0,38.0,28.0,7.0,2.0
2024,French Extension,121.0,42.0,E3,,,26.0,64.0,11.0
2024,German Beginners,68.0,83.0,5,32.0,21.0,31.0,12.0,4.0
2024,German Continuers,178.0,83.0,5,26.0,35.0,30.0,8.0,1.0
2024,German Extension,49.0,46.0,E4,,,71.0,29.0,
2024,Hindi Continuers,18.0,88.0,5,39.0,44.0,,17.0,
2024,Indonesian Beginners,36.0,79.0,4,28.0,19.0,17.0,31.0,6.0
2024,Indonesian Continuers,31.0,90.0,6,52.0,35.0,10.0,3.0,
2024,Indonesian Extension,10.0,43.0,E3,,,40.0,60.0,
2024,Italian Beginners,292.0,80.0,5,25.0,27.0,21.0,18.0,6.0
2024,Italian Continuers,167.0,84.0,5,23.0,43.0,28.0,5.0,
2024,Italian Extension,39.0,45.0,E4,,,54.0,44.0,3.0
2024,Japanese Beginners,430.0,76.0,4,12.0,28.0,28.0,16.0,10.0
2024,Japanese Continuers,731.0,83.0,5,23.0,37.0,22.0,11.0,5.0
2024,Japanese Extension,146.0,44.0,E3,,,46.0,49.0,5.0
2024,Japanese in Context,24.0,90.0,6,50.0,46.0,4.0,,
2024,Khmer Continuers,12.0,90.0,6,58.0,33.0,,,8.0
2024,Korean Beginners,144.0,80.0,5,25.0,26.0,33.0,9.0,4.0
2024,Korean Continuers,50.0,94.0,6,88.0,8.0,4.0,,
2024,Korean & Literature,14.0,84.0,5,43.0,36.0,21.0,,
2024,Korean in Context,29.0,91.0,6,66.0,31.0,3.0,,
2024,Latin Continuers,113.0,91.0,6,55.0,36.0,6.0,3.0,
2024,Latin Extension,62.0,47.0,E4,,,79.0,21.0,
2024,Macedonian Continuers,18.0,76.0,4,17.0,22.0,28.0,22.0,11.0
2024,Modern Greek Beginners,85.0,88.0,5,45.0,27.0,18.0,9.0,1.0
2024,Modern Greek Continuers,71.0,87.0,5,42.0,31.0,20.0,6.0,
2024,Modern Greek Extension,19.0,43.0,E3,,,32.0,63.0,5.0
2024,Modern Hebrew Continuers,18.0,95.0,6,100.0,,,,
2024,Persian Continuers,26.0,91.0,6,54.0,27.0,15.0,4.0,
2024,Polish Continuers,18.0,95.0,6,89.0,11.0,,,
2024,Portuguese Continuers,21.0,87.0,5,33.0,52.0,10.0,5.0,
2024,Punjabi Continuers,35.0,88.0,5,40.0,37.0,14.0,9.0,
2024,Russian Continuers,31.0,93.0,6,71.0,29.0,,,
2024,Serbian Continuers,30.0,84.0,5,40.0,17.0,17.0,20.0,7.0
2024,Spanish Beginners,241.0,82.0,5,24.0,33.0,26.0,13.0,3.0
2024,Spanish Continuers,174.0,84.0,5,21.0,44.0,21.0,10.0,3.0
2024,Spanish Extension,50.0,44.0,E3,,,44.0,52.0,4.0
2024,Swedish Continuers,12.0,92.0,6,58.0,25.0,8.0,,8.0
2024,Tamil Continuers,51.0,93.0,6,78.0,18.0,4.0,,
2024,Turkish Continuers,32.0,88.0,5,41.0,34.0,19.0,6.0,
2024,Vietnamese Continuers,135.0,79.0,4,12.0,36.0,44.0,7.0,1.0
2024,Automotive Exam,203.0,69.0,3,3.0,14.0,27.0,42.0,12.0
2024,Business Services Exam,1082.0,75.0,4,4.0,24.0,45.0,19.0,7.0
2024,Construction Exam,1529.0,79.0,4,7.0,39.0,34.0,17.0,2.0
2024,Electrotechnology Exam,258.0,71.0,4,3.0,18.0,36.0,33.0,10.0
2024,Entertainment Industry Exam,844.0,78.0,4,16.0,29.0,32.0,18.0,4.0
2024,Financial Services Exam,87.0,75.0,4,3.0,21.0,48.0,18.0,6.0
2024,Hospitality Exam,4759.0,77.0,4,5.0,34.0,41.0,17.0,3.0
2024,Human Services Exam,630.0,72.0,4,4.0,15.0,43.0,33.0,4.0
2024,Information & Digital Technology Exam,355.0,77.0,4,5.0,32.0,44.0,17.0,2.0
2024,Primary Industries Exam,555.0,75.0,4,3.0,27.0,44.0,23.0,3.0
2024,Retail Services Exam,725.0,72.0,4,3.0,15.0,40.0,32.0,9.0
2024,"Tourism, Travel & Events Exam",49.0,74.0,4,2.0,20.0,43.0,29.0,6.0
2025,Aboriginal Studies,827.0,73.0,4,11.0,24.0,23.0,18.0,13.0
2025,Agriculture,1509.0,75.0,4,11.0,23.0,28.0,22.0,11.0
2025,Ancient History,7495.0,75.0,4,9.0,27.0,30.0,17.0,12.0
2025,Biology,20710.0,75.0,4,7.0,28.0,30.0,21.0,10.0
2025,Business Studies,20452.0,75.0,4,12.0,26.0,29.0,22.0,9.0
2025,Chemistry,10369.0,76.0,4,11.0,27.0,33.0,19.0,9.0
2025,Community & Family Studies,9838.0,75.0,4,5.0,28.0,38.0,21.0,7.0
2025,Dance,845.0,85.0,5,22.0,48.0,22.0,7.0,1.0
2025,Design & Technology,4124.0,79.0,4,11.0,38.0,36.0,13.0,2.0
2025,Drama,3191.0,82.0,5,23.0,35.0,31.0,9.0,2.0
2025,Earth & Environmental Science,2678.0,76.0,4,8.0,30.0,32.0,19.0,8.0
2025,Economics,5741.0,80.0,5,14.0,38.0,25.0,15.0,6.0
2025,Engineering Studies,2558.0,74.0,4,9.0,20.0,36.0,27.0,6.0
2025,English Studies Exam,2717.0,60.0,3,,,11.0,40.0,41.0
2025,English Standard,33651.0,73.0,4,,12.0,55.0,26.0,5.0
2025,English Advanced,26292.0,82.0,5,13.0,52.0,31.0,3.0,
2025,English EAL/D,1504.0,71.0,4,5.0,19.0,33.0,29.0,10.0
2025,English Extension 1,3691.0,44.0,E3,,,42.0,53.0,4.0
2025,English Extension 2,1423.0,42.0,E3,,,35.0,54.0,11.0
2025,Enterprise Computing,1869.0,75.0,4,5.0,25.0,41.0,20.0,6.0
2025,Food Technology,4187.0,74.0,4,9.0,24.0,31.0,25.0,10.0
2025,Geography,4419.0,77.0,4,12.0,30.0,30.0,17.0,8.0
2025,Industrial Technology,5999.0,71.0,4,8.0,15.0,31.0,31.0,13.0
2025,Investigating Science,3292.0,76.0,4,8.0,31.0,33.0,22.0,5.0
2025,Legal Studies,10080.0,78.0,4,15.0,29.0,24.0,19.0,10.0
2025,Mathematics Standard 1 Exam,3737.0,71.0,4,3.0,16.0,39.0,32.0,7.0
2025,Mathematics Standard 2,31762.0,73.0,4,9.0,21.0,30.0,23.0,12.0
2025,Mathematics Advanced,16809.0,80.0,5,23.0,28.0,29.0,14.0,4.0
2025,Mathematics Extension 1,9279.0,84.0,E3,,,35.0,43.0,18.0
2025,Mathematics Extension 2,3844.0,87.0,E3,,,41.0,43.0,14.0
2025,Modern History,10953.0,76.0,4,10.0,26.0,34.0,18.0,9.0
2025,History Extension,1777.0,41.0,E3,,,26.0,62.0,12.0
2025,Music 1,4681.0,84.0,5,22.0,45.0,20.0,8.0,4.0
2025,Music 2,762.0,88.0,5,40.0,46.0,14.0,,
2025,Music Extension,447.0,47.0,E4,,,76.0,22.0,2.0
2025,PDH&PE,17852.0,75.0,4,9.0,27.0,33.0,22.0,8.0
2025,Physics,8817.0,75.0,4,13.0,25.0,26.0,21.0,14.0
2025,Science Extension,855.0,38.0,E3,,,7.0,69.0,22.0
2025,Society & Culture,4957.0,79.0,4,12.0,35.0,35.0,13.0,4.0
2025,Software Engineering,1768.0,76.0,4,8.0,28.0,37.0,19.0,6.0
2025,Studies of Religion I,8169.0,39.0,4,16.0,31.0,34.0,15.0,4.0
2025,Studies of Religion II,6731.0,79.0,4,13.0,36.0,31.0,14.0,5.0
2025,Textiles & Design,1482.0,79.0,4,16.0,32.0,29.0,16.0,5.0
2025,Visual Arts,9047.0,83.0,5,16.0,48.0,28.0,7.0,1.0
2025,Arabic Continuers,232.0,83.0,5,20.0,44.0,25.0,7.0,3.0
2025,Arabic Extension,53.0,43.0,E3,,,42.0,55.0,4.0
2025,Armenian Continuers,17.0,86.0,5,6.0,71.0,24.0,,
2025,Chinese Beginners,56.0,85.0,5,46.0,9.0,5.0,18.0,16.0
2025,Chinese Continuers,334.0,91.0,6,55.0,24.0,13.0,7.0,1.0
2025,Chinese Extension,106.0,46.0,E4,,,64.0,36.0,
2025,Chinese & Literature,305.0,85.0,5,20.0,59.0,17.0,3.0,
2025,Chinese in Context,110.0,91.0,6,67.0,27.0,5.0,1.0,
2025,Classical Hebrew Continuers,25.0,92.0,6,64.0,8.0,20.0,,8.0
2025,Classical Hebrew Extension,12.0,44.0,E4,,,50.0,50.0,
2025,Croatian Continuers,14.0,70.0,4,,29.0,21.0,36.0,14.0
2025,French Beginners,341.0,78.0,4,19.0,26.0,28.0,17.0,7.0
2025,French Continuers,520.0,83.0,5,28.0,35.0,28.0,8.0,1.0
2025,French Extension,104.0,40.0,E3,,,24.0,63.0,13.0
2025,German Beginners,102.0,82.0,5,31.0,25.0,33.0,9.0,1.0
2025,German Continuers,173.0,82.0,5,32.0,28.0,29.0,10.0,1.0
2025,German Extension,55.0,45.0,E4,,,65.0,33.0,2.0
2025,Hindi Continuers,29.0,88.0,5,48.0,28.0,10.0,10.0,3.0
2025,Indonesian Beginners,38.0,82.0,5,18.0,37.0,16.0,26.0,3.0
2025,Indonesian Continuers,50.0,90.0,6,56.0,34.0,4.0,4.0,2.0
2025,Indonesian Extension,24.0,45.0,E4,,,54.0,46.0,
2025,Italian Beginners,294.0,79.0,4,25.0,24.0,19.0,19.0,9.0
2025,Italian Continuers,191.0,86.0,5,23.0,49.0,19.0,6.0,2.0
2025,Italian Extension,48.0,45.0,E4,,,54.0,46.0,
2025,Japanese Beginners,357.0,74.0,4,13.0,22.0,24.0,18.0,13.0
2025,Japanese Continuers,794.0,81.0,5,23.0,33.0,24.0,14.0,5.0
2025,Japanese Extension,134.0,45.0,E4,,,51.0,44.0,4.0
2025,Japanese in Context,34.0,87.0,5,35.0,47.0,18.0,,
2025,Khmer Continuers,14.0,89.0,5,43.0,50.0,7.0,,
2025,Korean Beginners,110.0,83.0,5,32.0,33.0,24.0,8.0,4.0
2025,Korean Continuers,84.0,91.0,6,56.0,29.0,8.0,4.0,4.0
2025,Korean & Literature,18.0,89.0,5,44.0,50.0,,6.0,
2025,Korean in Context,19.0,92.0,6,53.0,32.0,5.0,11.0,
2025,Latin Continuers,140.0,91.0,6,57.0,24.0,16.0,2.0,
2025,Latin Extension,80.0,47.0,E4,,,80.0,18.0,3.0
2025,Macedonian Continuers,15.0,72.0,4,27.0,13.0,20.0,40.0,
2025,Modern Greek Beginners,102.0,89.0,5,48.0,27.0,15.0,5.0,5.0
2025,Modern Greek Continuers,55.0,87.0,5,47.0,22.0,18.0,11.0,
2025,Modern Greek Extension,16.0,43.0,E3,,,44.0,50.0,6.0
2025,Modern Hebrew Continuers,32.0,93.0,6,81.0,9.0,3.0,6.0,
2025,Persian Continuers,27.0,90.0,6,56.0,19.0,22.0,4.0,
2025,Polish Continuers,22.0,94.0,6,86.0,14.0,,,
2025,Portuguese Continuers,14.0,84.0,5,21.0,50.0,21.0,7.0,
2025,Punjabi Continuers,30.0,86.0,5,30.0,30.0,30.0,10.0,
2025,Russian Continuers,19.0,89.0,5,47.0,37.0,16.0,,
2025,Serbian Continuers,27.0,83.0,5,26.0,30.0,26.0,7.0,11.0
2025,Spanish Beginners,286.0,83.0,5,30.0,28.0,19.0,18.0,3.0
2025,Spanish Continuers,180.0,84.0,5,23.0,39.0,19.0,16.0,2.0
2025,Spanish Extension,57.0,45.0,E4,,,53.0,46.0,2.0
2025,Swedish Continuers,16.0,91.0,6,63.0,31.0,6.0,,
2025,Tamil Continuers,65.0,92.0,6,78.0,14.0,6.0,2.0,
2025,Turkish Continuers,36.0,89.0,5,47.0,31.0,14.0,8.0,
2025,Vietnamese Continuers,218.0,80.0,5,5.0,46.0,42.0,6.0,
2025,Automotive Exam,264.0,74.0,4,5.0,28.0,36.0,26.0,5.0
2025,Business Services Exam,1515.0,74.0,4,4.0,24.0,38.0,25.0,7.0
2025,Construction Exam,1951.0,78.0,4,7.0,37.0,31.0,15.0,9.0
2025,Electrotechnology Exam,328.0,73.0,4,2.0,20.0,40.0,31.0,6.0
2025,Entertainment Industry Exam,979.0,78.0,4,12.0,33.0,38.0,14.0,2.0
2025,Financial Services Exam,101.0,73.0,4,3.0,25.0,37.0,32.0,4.0
2025,Hospitality Exam,5642.0,76.0,4,5.0,29.0,41.0,20.0,4.0
2025,Human Services Exam,790.0,72.0,4,4.0,17.0,43.0,33.0,3.0
2025,Information & Digital Technology Exam,385.0,77.0,4,6.0,31.0,40.0,19.0,2.0
2025,Primary Industries Exam,663.0,75.0,4,2.0,24.0,51.0,19.0,3.0
2025,Retail Services Exam,909.0,71.0,4,2.0,12.0,44.0,33.0,7.0
2025,"Tourism, Travel & Events Exam",94.0,76.0,4,2.0,31.0,46.0,20.0,1.0
